{
  "best_model": "lstm",
  "n_classes": 8,
  "class_labels": [
    "view",
    "click",
    "search",
    "wishlist",
    "add_to_cart",
    "remove_from_cart",
    "rate",
    "purchase"
  ],
  "epochs": 30,
  "window": 8,
  "total_samples": 9000,
  "split_samples": {
    "train": 7200,
    "val": 900,
    "test": 900
  },
  "split_users": {
    "train": 400,
    "val": 50,
    "test": 50
  },
  "models": {
    "rnn": {
      "metrics": {
        "accuracy": 0.1711111111111111,
        "f1_score": 0.1433176587315994,
        "precision": 0.16223811743074382,
        "recall": 0.14613693651776505
      },
      "confusion_matrix": [
        [
          54,
          35,
          28,
          21,
          23,
          2,
          4,
          14
        ],
        [
          37,
          34,
          17,
          20,
          16,
          4,
          2,
          12
        ],
        [
          49,
          24,
          14,
          11,
          14,
          3,
          2,
          12
        ],
        [
          28,
          24,
          16,
          13,
          11,
          0,
          2,
          5
        ],
        [
          40,
          17,
          15,
          12,
          23,
          1,
          3,
          12
        ],
        [
          27,
          15,
          8,
          4,
          9,
          2,
          0,
          10
        ],
        [
          26,
          7,
          7,
          8,
          6,
          0,
          4,
          7
        ],
        [
          28,
          8,
          6,
          6,
          22,
          3,
          3,
          10
        ]
      ]
    },
    "lstm": {
      "metrics": {
        "accuracy": 0.22,
        "f1_score": 0.15606625845744793,
        "precision": 0.15986641105845267,
        "recall": 0.17614097770921777
      },
      "confusion_matrix": [
        [
          98,
          28,
          14,
          10,
          14,
          0,
          0,
          17
        ],
        [
          62,
          28,
          14,
          7,
          20,
          0,
          0,
          11
        ],
        [
          67,
          17,
          16,
          5,
          15,
          0,
          0,
          9
        ],
        [
          49,
          18,
          8,
          9,
          9,
          0,
          0,
          6
        ],
        [
          49,
          12,
          3,
          12,
          26,
          0,
          0,
          21
        ],
        [
          37,
          8,
          2,
          5,
          10,
          0,
          0,
          13
        ],
        [
          40,
          6,
          3,
          3,
          7,
          0,
          0,
          6
        ],
        [
          33,
          6,
          8,
          5,
          13,
          0,
          0,
          21
        ]
      ]
    },
    "bilstm": {
      "metrics": {
        "accuracy": 0.20444444444444446,
        "f1_score": 0.1515960896528317,
        "precision": 0.20584461988984148,
        "recall": 0.16528000923292369
      },
      "confusion_matrix": [
        [
          80,
          35,
          27,
          15,
          9,
          0,
          1,
          14
        ],
        [
          48,
          45,
          18,
          7,
          14,
          0,
          0,
          10
        ],
        [
          60,
          35,
          12,
          3,
          9,
          0,
          0,
          10
        ],
        [
          31,
          30,
          17,
          9,
          5,
          0,
          1,
          6
        ],
        [
          37,
          20,
          16,
          7,
          20,
          2,
          0,
          21
        ],
        [
          37,
          11,
          5,
          3,
          6,
          0,
          0,
          13
        ],
        [
          34,
          9,
          8,
          2,
          5,
          0,
          2,
          5
        ],
        [
          27,
          13,
          11,
          7,
          12,
          0,
          0,
          16
        ]
      ]
    }
  }
}